"clade_name","Sample_10","Sample_11","Sample_12","Sample_13","Sample_14","Sample_15","Sample_16","Sample_17","Sample_18","Sample_19","Sample_2","Sample_20","Sample_21","Sample_22","Sample_23","Sample_24","Sample_25","Sample_26","Sample_27","Sample_28","Sample_29","Sample_3","Sample_31","Sample_32","Sample_33","Sample_34","Sample_35","Sample_36","Sample_37","Sample_38","Sample_39","Sample_4","Sample_40","Sample_41","Sample_42","Sample_43","Sample_44","Sample_45","Sample_5","Sample_7","Sample_8","Sample_9"
"k__Archaea|p__Euryarchaeota|c__Methanobacteria|o__Methanobacteriales|f__Methanobacteriaceae",0,0,0,2.73377,0,0.13286,0,0,0,0,3.06937,0,0,0,1.95719,0,0,0,0,0,0,1.35888,0,0,0,0,0,0,3.06574,0,0,0,0,0,0,0,0,0,0,0,0.15853,0
"k__Bacteria|p__Actinobacteria|c__Actinomycetia|o__Actinomycetales|f__Actinomycetaceae",0.04876,0.01516,0.15205,0.04343,0.04911,0.0265,0.10965,0.05104,0.05854,0.00207,0.02711,0.29889,0.08746,0.01795,0.31526,0.04263,0.01534,0.07384,0.25127,0.04657,0.2164,0.06184,0.76004,0.06527,0.00555,0.05583,0.06003,0.05716,0.0804,1.51642,0.28362,0.03777,0.95268,0.01085,0.05718,0.0712,0.02249,0.01987,0.24697,0.03373,0.46495,0.39096
"k__Bacteria|p__Actinobacteria|c__Actinomycetia|o__Bifidobacteriales|f__Bifidobacteriaceae",13.4303,20.80186,41.55597,5.60031,8.7281,3.97302,0.36552,0.03116,0.03735,0.88592,4.52722,0.04052,1.48126,12.15493,0.80403,3.12921,14.78876,1.24113,11.90523,26.55692,0.28664,0.30505,0.01994,2.48935,11.55055,12.4667,0,0.01072,0.40044,14.4751,5.69482,10.4102,4.02726,10.92734,0.38714,0.90011,16.85033,6.81613,6.70893,5.90216,6.24853,8.42016
"k__Bacteria|p__Actinobacteria|c__Actinomycetia|o__Corynebacteriales|f__Corynebacteriaceae",0,0,0.00456,0.00279,0.00067,0.00089,0,0,0.00184,0,0,0.00804,0.00194,0.0011,0,0,0.00062,0.00025,0.00258,0.00263,0.00158,0.00051,0.02478,0,0,6e-05,0.00318,0,0,0.00897,0.00346,0.00704,0,0,0.00272,0,0,0,0.00018,0,0,0.009
"k__Bacteria|p__Actinobacteria|c__Actinomycetia|o__Micrococcales|f__Microbacteriaceae",0,0,0,0,0,0,0,0,0,0,0,0,0,0,0,0,0,0,0,0,0,0,0,0,0,0,0,0,0,0,0,0,0,0,0,0,0,0,0.00129,0,0,0
"k__Bacteria|p__Actinobacteria|c__Actinomycetia|o__Micrococcales|f__Micrococcaceae",0.00566,0,0.00081,0.01061,0.03516,0.00666,0.08885,0.23159,0.00121,0,0,0.02204,0,0,0.01581,0.00162,0.00197,2e-04,0.03062,0.00113,0,0,0.01016,0.00067,0,0.00287,0,0,0,0.06987,0.01656,0,0.01171,0.00023,0.03355,0.09375,0,0,0.0357,0.00211,0.07939,0.00543
"k__Bacteria|p__Actinobacteria|c__Actinomycetia|o__Propionibacteriales|f__Propionibacteriaceae",0,0,0,0,0.00275,0,0.00153,0,0,0,0,0,0,0.00613,0,0,0,0,0.00185,0.00187,0.0078,0,0.01261,0,0,0,0.00192,0,0,0.0097,0.00721,5e-04,0,0,0,0.02344,0,0,5e-04,0,0.00187,0.00014
"k__Bacteria|p__Actinobacteria|c__CFGB12107|o__OFGB12107|f__FGB12107",0,0,0,0,0,0,0,0,0,0,0,0,0,0,0.02691,0.6231,0,0.06937,0,0,0,0,0,0,0,0,0,0,0,0.0032,0.23193,0,1.3622,0,0,0.07113,1.53234,0.2605,0,0,0.48319,0
"k__Bacteria|p__Actinobacteria|c__CFGB2992|o__OFGB2992|f__FGB2992",0,0,0,0.25977,0,0.22663,0,0,0,0.06058,0,0,0,2.85849,0.01901,1.10688,0,0.0605,0,0,0,0,0,0,0,0,0,0,0,0.00279,0.00123,0,0,0,0,0,0,0,0,0,0.24119,0
"k__Bacteria|p__Actinobacteria|c__CFGB77156|o__OFGB77156|f__FGB77156",0,0,0,0.0731,0,0.00969,0,0,0,0,0,0,0,0,0,0,0,0,0,0,0,0,0,0,0,0,0,0,0,0,0,0,0,0,0,0,0,0,0,0,0,0
"k__Bacteria|p__Actinobacteria|c__CFGB77988|o__OFGB77988|f__FGB77988",0,0,0,0,0,0,0,0,0,0.05941,0,0,0,2.06006,0,0,0.18435,0,0,0.60041,0,0,0,0,0,0,0,0,0.3597,0.29823,0.02087,0,0,0,0,0,0,0,0,0,0,0
"k__Bacteria|p__Actinobacteria|c__Coriobacteriia|o__Coriobacteriales|f__Atopobiaceae",0,0,0.00696,0,0.00189,0,9e-04,0,0.00271,0,0,0.03347,0.00029,0.00209,0.55406,0.00035,0.67014,0.00137,0.00514,0.12916,0.00943,0.00059,0.01046,0.01504,0,0.00039,0.00013,0.04808,0,0.031,0.01074,0,0.04583,0,0.00026,0.00413,0.38624,0.23383,0.02315,0,0.02925,0.01425
"k__Bacteria|p__Actinobacteria|c__Coriobacteriia|o__Coriobacteriales|f__Coriobacteriaceae",3.65028,0,2.05554,0.38058,0.00181,0.89858,1.4369,3.07128,5.5404,0.24736,5.78708,4.20781,0.80958,0.34542,1.74859,1.01228,0.96866,0.71721,0.0364,0.98617,0.8905,3.24925,0,5.11654,4.49071,9.43535,0,0.04085,1.48548,6.82151,0.99227,0,1.96838,0.2576,0.06081,2.89619,0.55047,0.18914,0.76894,5.31215,0.64739,2.41094
"k__Bacteria|p__Actinobacteria|c__Coriobacteriia|o__Eggerthellales|f__Eggerthellaceae",1.66502,4.07325,0.45041,0.72602,1.5177,1.0854,0.58561,0.15494,0.19183,0.36952,1.08778,0.20568,0.30611,2.20497,0.2945,1.00869,1.11092,0.41353,0.67201,1.45287,0.57918,1.10403,0.10791,0.47281,0.34268,1.11086,1.14227,0.43129,0.84365,1.47922,0.73485,1.60353,0.0792,2.58992,1.27358,0.23657,0.43906,0.26331,0.15385,5.64047,0.13743,3.58566
"k__Bacteria|p__Bacteria_unclassified|c__Bacteria_unclassified|o__Bacteria_unclassified|f__Bacteria_unclassified",0.01012,0.00102,0,0.01035,0.00638,0.00464,0.03573,0.03314,0.02122,0.00788,0.00924,0,0,0.00774,0.00865,0,0,0,0.02315,0,0.0666,0.0074,0,0.01142,0,0,0,0,0.03187,0,0.00543,0.00104,0,0.00219,0.03111,0,0.01361,0.01642,0,0.03221,0,0
"k__Bacteria|p__Bacteroidota|c__Bacteroidia|o__Bacteroidales|f__Bacteroidaceae",0.91021,0.81742,0,0.46553,1.99573,0.19059,8.41815,6.95593,0.60355,16.38021,0.23914,0.422,21.62359,4.51103,0.59857,0.63431,3.23594,0.17677,1.46944,0.83351,0.62229,0.31745,0.30965,39.26414,4.14821,1.09851,3.80797,34.45434,2.95229,0.13281,1.2456,0.13436,0.09531,5.11187,4.10894,0.06202,1.41543,2.31386,0.68058,3.07741,0.03507,0.22779
"k__Bacteria|p__Bacteroidota|c__Bacteroidia|o__Bacteroidales|f__Barnesiellaceae",0.00725,0.00501,0,0,0.05166,0,0,0,0,0.0814,0.00047,0,0.18902,0.01916,0,0.10031,0.06753,0.00452,0.00188,0.07707,0.00905,0,0,0,0.04854,0.01437,0,0,0.07483,0,0,0,0,0.30327,0.05344,0,0,0,0,0.09056,0,0
"k__Bacteria|p__Bacteroidota|c__Bacteroidia|o__Bacteroidales|f__Odoribacteraceae",0.07126,0.00036,0,0.00489,0.00921,0.00022,0.05169,0.01728,0,2.16497,0.01784,0,0.05583,0.45052,0.01678,0.00775,0.21289,0,0,0.03043,0,0.00445,0,0,0.01969,0.01662,0,0.00355,0.08073,0.00733,0.52727,0,0,0.15391,0.01905,0,0,0.02255,0.0257,0.08946,0,0
"k__Bacteria|p__Bacteroidota|c__Bacteroidia|o__Bacteroidales|f__Porphyromonadaceae",0,0.00017,0,0.35577,0,0,0,0,0.0029,0.05578,2.83649,0,2.82487,0.01742,0.00132,0,0.56441,0,0,0.00545,0,0.5638,0.00203,0,0.68854,0,0,0,0.35841,0.2243,0.19409,0,1.69937,0,0,0,0.34357,1.93504,0,0,0.00055,0
"k__Bacteria|p__Bacteroidota|c__Bacteroidia|o__Bacteroidales|f__Prevotellaceae",0.55989,0.00745,0.00326,0.64304,0,0.11693,10.48004,14.09116,0.3901,0.05454,0.48359,0.03534,5.04763,0.9868,0.18588,6.0903,1.22285,4.76287,0.00272,0.13078,0.01502,0.55754,0.00085,5.7426,0,0,0,2.68654,0.33816,0.16385,5.1797,0,1.73707,0.0305,0.4278,0.03187,0,0,0.07333,6.88768,20.71038,0.02542
"k__Bacteria|p__Bacteroidota|c__Bacteroidia|o__Bacteroidales|f__Rikenellaceae",0.24089,0.18953,0,0.2494,0.17035,0.12006,1.98855,0.56975,0.04398,6.28092,0.07209,0.01355,8.24096,3.81697,0.15807,1.44628,0.84725,0.25958,0.92498,0.49645,0.15907,0.05418,0,0.00281,1.81623,0.38734,0,0,1.98267,0.77793,1.24532,0.00782,0.01966,0.87537,0.06147,0.01596,0.00576,0.15785,0,0.50323,0.0107,0.00127
"k__Bacteria|p__Bacteroidota|c__Bacteroidia|o__Bacteroidales|f__Tannerellaceae",0.04515,0.02835,0,0.06371,0.10079,0.01232,0.4942,0.37527,0.00233,0.90279,0.02656,0.00687,2.76819,0.41554,0.22587,0.26014,0.70329,0.02678,0.09221,0.31181,0.15962,0.01045,0.00225,0.68769,0.87034,0.06282,0.14928,0.023,0.55286,0.01685,0.38745,0.01377,0.01751,0.41253,0.22266,0.00538,0.01096,0.12161,0.06785,0.24472,0.01756,0.00092
"k__Bacteria|p__Bacteroidota|c__CFGB11479|o__OFGB11479|f__FGB11479",0,0,0,0,0,0,0,0,0,0,0,0,0,0,0,0,0,0,0,0,0,0,0,0,0,0,0,0,0,0,2.3678,0,0,0,0,0,0,0,0,0,0,0
"k__Bacteria|p__Bacteroidota|c__CFGB1458|o__OFGB1458|f__FGB1458",0,0,0,0,0,0,0,0,0,0,0,0,0,0,0,0,0,0,0,0,0,0,0,0,0,0,0,0,0.14111,0,0,0,0,0,0,0,0,0,0,0,0,0
"k__Bacteria|p__Bacteroidota|c__CFGB1670|o__OFGB1670|f__FGB1670",0,0,0,0.1198,0,0.03213,0,0,0,8e-04,0,0,0,0.04957,0,0,0,0,0,0,0,0,0,0,0,0,0,0,0,0,0,0,0,0,0,0,0.00146,0.39364,0,0,0,0
"k__Bacteria|p__Bacteroidota|c__CFGB4405|o__OFGB4405|f__FGB4405",0,0,0,0,0,0,0,0,0,0,0,0,0,0,0,0,0,0,0,0,0,0,0,0,0,0,0,0,0,0,6.99125,0,0,0,0,0,0,0,0,0,0,0
"k__Bacteria|p__Bacteroidota|c__CFGB544|o__OFGB544|f__FGB544",0,0,0,0,0,0,0,0,0,0,0.00641,0,0,0,0,0,0,0,0,0,0,0.00669,0,0,0,0,0,0,0,0,0,0,0,0,0,0,0,0,0,0,0,0
"k__Bacteria|p__Bacteroidota|c__CFGB602|o__OFGB602|f__FGB602",0,0,0,0,0,0,0,0,0,0,0,0,0,0,0,0.00082,0,0,0,0,0,0,0,0,0,0,0,0,0.07209,0,0,0,0,0,0,0,0,0,0,0,0,0
"k__Bacteria|p__Bacteroidota|c__CFGB618|o__OFGB618|f__FGB618",0,0,0,0,0,0,0,0,0,0,0.0071,0,0,0,0,0,0,0,0,0,0,0,0,0,0,0,0,0,0,0,0,0,0,0,0,0,0,0,0,0,0,0
"k__Bacteria|p__Bacteroidota|c__CFGB629|o__OFGB629|f__FGB629",0,0,0,0.12963,0,0.02173,0.23658,0.30678,0,0,0.1385,0,0,0.03544,0.04989,0.2663,0,0.02435,0,0,0,0.20247,0,0,0,0,0,0,0.02528,0.07204,0.2796,0,0.02869,0.23128,0.35986,0.01069,0,0,0,0,0.10863,0
"k__Bacteria|p__Bacteroidota|c__CFGB658|o__OFGB658|f__FGB658",5.07768,0,0,0,0.00102,0.00047,0,0,0,0,0.32227,0,0,0,0,0,0,0,0,0,0,0,0,0,0,0,0,0,3.48813,0,0,0,0.02222,0,0,0,0,0,0,3.67745,0,0
"k__Bacteria|p__Bacteroidota|c__CFGB667|o__OFGB667|f__FGB667",0,0,0,0,0,0,0,0,0,0,0,0,0,0,0.00763,0,0,0,0,0,0,0,0,0,0,0,0,0,0,0,0,0,0,0,0,0,0,0,0,0,0,0
"k__Bacteria|p__Bacteroidota|c__CFGB668|o__OFGB668|f__FGB668",0,0,0,0,0,0,0,0,0,0,0,0,0,0,0.01032,0,0,0,0,0,0,0,0,0,0,0,0,0,0,0,0,0,0,0,0,0,0,0,0,0,0,0
"k__Bacteria|p__Candidatus_Melainabacteria|c__CFGB2102|o__OFGB2102|f__FGB2102",0,0,0,0,0,0,0,0,0,0,0.00091,0,0,0,0,0,0,0,0,0,0,0.00102,0,0,0,0,0,0,0,0,0,0,0,0,0,0,0,0,0,0,0,0
"k__Bacteria|p__Candidatus_Saccharibacteria|c__Candidatus_Nanoperiomorbia|o__Candidatus_Nanoperiomorbales|f__Candidatus_Nanoperiomorbaceae",0,0,0,0,0,0,0,0,0,0,0,0,0,0,0,0,0,0,0,0.00025,0.00089,0,0,0.0042,0,0,0,0,0,0,0,0,0,0,0,0,0,0,0,0,0,0
"k__Bacteria|p__Candidatus_Saccharibacteria|c__Candidatus_Nanosyncoccalia|o__Candidatus_Nanogingivales|f__Candidatus_Nanogingivalaceae",0,0,0,0,0,0,0.00466,0.00134,0.00092,0,0,0.04794,0.00316,0,0,0,0,0.00102,0.00419,0,0.00282,0,0.01501,0,0,0,0.00168,0,0,0,0,0,0,0,0,0,0,0,0,0,0,0
"k__Bacteria|p__Candidatus_Saccharibacteria|c__Candidatus_Saccharibacteria_unclassified|o__Candidatus_Saccharibacteria_unclassified|f__Candidatus_Saccharibacteria_unclassified",0,0.01077,0.01681,0.00209,0.01443,0.00166,0.00331,0.00117,0.02346,0,0.002,0.23411,0,0.00204,0.00035,0.00091,0.00238,0.02068,0.01125,0.01132,0.04236,0.01327,0.188,0.00445,0,0.00371,0.01132,0,0,0.03675,0.01372,0,0.04581,0,0.00285,0.00554,0.00469,0.00261,0,0,0.06034,0.05222
"k__Bacteria|p__Candidatus_Saccharibacteria|c__Candidatus_Saccharimonadia|o__Candidatus_Nanosynbacterales|f__Candidatus_Nanosynbacteraceae",0,0,0,0,0,0,0,0,0,0,0,0.00126,0,0,0,0,0,0,0,0,0.00085,0,0.00425,0.00058,0,0,0,0,0,0,0,0,0,0,0,0.01442,0,0,0,0,0,0
"k__Bacteria|p__Candidatus_Saccharibacteria|c__Candidatus_Saccharimonadia|o__Candidatus_Saccharimonadales|f__Candidatus_Saccharimonadaceae",0,0.00711,0,0,0.01081,0,0,0,0,0,0,0.01141,0.00285,0.00176,9e-05,0,0,0,0,0.00034,0.00153,0,0.01454,0.01998,0,0,0,0,0,0.00526,0.00141,0,0.00147,0,0,0,0,0,3e-04,0,0.0033,0
"k__Bacteria|p__Firmicutes|c__Bacilli|o__Bacillales|f__Bacillaceae",0,0,0,0,0,0.00063,0,0,0,0,0.00573,0,0,0,0.00041,0,0,0.00163,0,0,0,0.02902,0.00246,0,0,0,0,0,0,0,0.00023,0.00839,0,0,0,0,0,0.00033,2e-04,0,0.02657,0
"k__Bacteria|p__Firmicutes|c__Bacilli|o__Bacillales|f__Bacillales_unclassified",0.01079,0.0023,0.00273,0.01246,0.00689,0.00082,0.00057,0.0742,0.01033,1.04203,0.05986,0.05188,0,0.03892,0,0.06523,0.05592,0.00268,0.18726,0.00172,0.00133,0.07082,0.04953,0,0,0,0.00605,6.9313,0.05828,0.32537,0.00039,0.00335,0.37709,0.00836,0.02413,0.07198,0,0,0.15909,0.00876,0.1178,0.10813
"k__Bacteria|p__Firmicutes|c__Bacilli|o__Bacillales|f__Paenibacillaceae",0,0,0,0,0,0,0,0,0,0,0,0,0,4e-05,0,0,0,0,0,0,0,0,0,0,0,0,0,0,0,0,0,0,0,0,0,0,0,0,0,0,0,0
"k__Bacteria|p__Firmicutes|c__Bacilli|o__Bacillales|f__Staphylococcaceae",0,0,0,0,0,0.00781,0,0,0,0,0,0,0.00054,0,0,0,0,0,0,0,0,0,0,0,0,0,0,0,0,0,0,0,0,0,0.00156,0,0.03377,0,0.00296,0,0,0
"k__Bacteria|p__Firmicutes|c__Bacilli|o__Lactobacillales|f__Aerococcaceae",0,0,0,0,0,0,0,0,0,0,0,0.00028,0,0,0,0,0,0,0,0,0,0,0.0031,0,0,0,0,0,0,0,0,0,0,0,0,0,0,0,0,0,0.00915,0
"k__Bacteria|p__Firmicutes|c__Bacilli|o__Lactobacillales|f__Carnobacteriaceae",0.00304,0.00434,0.00432,0.05143,0.0126,0.00408,0.04191,0.05039,0.01445,0,0,0.1104,0,8e-04,0.01217,0,0.00112,0.00486,0.00967,0.00104,0.00182,0.00589,0.05737,5e-04,0,0.00225,0.00721,0.01838,0.00115,0.00344,0.00055,0.01258,0.01412,0.00349,0.00797,0.05722,0,0,0,0,0.04297,0.0394
"k__Bacteria|p__Firmicutes|c__Bacilli|o__Lactobacillales|f__Enterococcaceae",0,0.118,0.00048,0.00108,0.03548,0,0.02546,0.00899,10.93377,0.62119,0,0,0,0,0,0,0.1011,0,0,0.13693,0.42307,0,0.00634,0.00043,0,0.08002,0.08534,0,1.85151,0.00033,0,1.55279,0.02058,0.03445,0.19,0.70871,0,0.27176,0.16018,0,0,1.84543
"k__Bacteria|p__Firmicutes|c__Bacilli|o__Lactobacillales|f__Lactobacillaceae",0.12027,0.4241,0.24408,0.0647,0.05064,0.00185,0.48737,0.31911,0.21069,0.61249,0.0015,0.03649,1.37312,0.0136,0.01947,0.81971,13.98344,1.2234,0.50761,26.78415,0,0.0173,2.25372,0.0223,0.02453,0.78492,0.41511,0,0.37242,10.4616,1.30993,0.04821,0.10587,4.24069,0.12123,2.36308,0.03832,0.00823,4.44991,0.03891,5.57519,0.38913
"k__Bacteria|p__Firmicutes|c__Bacilli|o__Lactobacillales|f__Streptococcaceae",0.00614,0.08681,0.77591,0.14163,3.84239,0.26525,20.94757,16.02287,0.86931,0.26919,0.00532,0.92545,0.86929,0.82901,0.03594,0.90496,0.10546,1.06777,4.98719,0.09076,0.10079,0.15412,9.69952,0.14669,0.00337,0.26224,0.42248,2.48704,0.19986,1.05256,0.42589,0.65812,2.88418,0.30086,1.23717,7.00068,0.07459,0.09646,4.62408,0.11613,0.92096,0.48504
"k__Bacteria|p__Firmicutes|c__CFGB1011|o__OFGB1011|f__FGB1011",0.05233,0,0,0.00803,0,0.00305,0,0,0,0,0.00627,0,0.00257,0.00282,0.00393,0.01208,0.00114,0.00012,0,0.00851,0,0.00195,0,0.00038,0.02566,0,0,0,0.01134,0.07429,0.02532,0,0.00756,0,0,0,0,0.0444,0.01219,0.0085,0,0.00311
"k__Bacteria|p__Firmicutes|c__CFGB1012|o__OFGB1012|f__FGB1012",0,0,0,0,0,0,0,0,0,0,0,0,0,0,0,0,0,0,0,0,0,0,0,0,0,0,0,0,0,0.072,0.08602,0,0,0,0,0,0,0,0,0,0,0
"k__Bacteria|p__Firmicutes|c__CFGB10309|o__OFGB10309|f__FGB10309",0,0,0,0,0,0,0,0,0,0,0.22494,0,0,0,0,0,0,0,0,0,0,0,0,0,0,0,0,0,0,0,0,0,0,0,0,0,0,0,0,0,0,0
"k__Bacteria|p__Firmicutes|c__CFGB10312|o__OFGB10312|f__FGB10312",0,0,0,0,0,0,0,0,0,0,0,0,0,0,0,0,0,0,0,0,0,0,0,0,0,0,0,0,0,0,0,0,0,0,0,0,0,0,0,0,0.52913,0
"k__Bacteria|p__Firmicutes|c__CFGB10318|o__OFGB10318|f__FGB10318",1.07764,0,0,0.02887,0,0,0,0,0,0,0.00639,0,0,0,0,0,0,0,0,0,0,0,0,0,0,0,0,0,0,0,0,0,0,0,0,0,0,0,0,0.22814,0.00018,0
"k__Bacteria|p__Firmicutes|c__CFGB10477|o__OFGB10477|f__FGB10477",0.78637,0,0,0.79801,0,0,0,0,0,0,0.42248,0,0,0,0.47118,0,0.01183,0,0,0.12874,0,0.05586,0,0,0,0.00584,0,0,0.16673,0.01512,0.01293,0,0,0,0,0,0,0,0,0.04765,0,0
"k__Bacteria|p__Firmicutes|c__CFGB1126|o__OFGB1126|f__FGB1126",0,0,0,0,0,0,0,0,0,0.00084,0,0,0.02365,0.00445,0,0,0.0043,0,0,0.00716,0,0,0,0,0,0,0,0,0.00778,0,0,0,0,0,0,0,0,0,0,0,0,0.00022
"k__Bacteria|p__Firmicutes|c__CFGB1201|o__OFGB1201|f__FGB1201",0,0,0,0,0,0,0,0,0,0,0,0,0,0,0.01064,0,0,0,0,0,0,0,0,0,0,0,0,0,0.5829,0,0,0,0,0,0,0,0,0,0,0,0,0
"k__Bacteria|p__Firmicutes|c__CFGB1207|o__OFGB1207|f__FGB1207",0,0,0,0,0,0,0,0,0,0,0,0,0,0,0,0,0,0,0,0,0,0,0,0,0,0,0,0,0,0.01073,0,0,0,0,0,0,0,0,0,0,0,0
"k__Bacteria|p__Firmicutes|c__CFGB1211|o__OFGB1211|f__FGB1211",0,0,0,0,0,0,0,0,0,0,0,0,0,0,0,0,0,0,0,0,0,0.00091,0,0,0,0,0,0,0,0,0,0,0,0,0,0,0,0,0,0,0,0
"k__Bacteria|p__Firmicutes|c__CFGB1217|o__OFGB1217|f__FGB1217",0,0,0,0,0.01408,0,0,0,0,0.0039,0.03164,0,0,0.00933,0,0.07726,0.01893,0.00507,0,0.00618,0,0.00101,0,0,0,0,0,0,0.11113,0,0,0.00024,0,0,0,0,0,0,0,0,0,0
"k__Bacteria|p__Firmicutes|c__CFGB1226|o__OFGB1226|f__FGB1226",0.34189,0.00721,0,0.02248,0.0104,0.00334,0.03123,0.00397,0,0.01016,0,0,0.03099,0.01725,0.00449,0.0141,0.06294,0.01411,0,0.04402,0,0,0,0,0.02092,0,0,0,0.31444,0.00356,0.01142,0,0.0089,0,0,0.00762,0,0,0,0.02222,0,0
"k__Bacteria|p__Firmicutes|c__CFGB1227|o__OFGB1227|f__FGB1227",0,0.0107,0,0.00294,0.00212,0,0,0,0,0,0.15724,0,0.36614,0.00214,0.02736,0,0,0,0,0,0,0.04392,0,0,0.01425,0.05683,0,0,0,0.73983,0.10225,0,0,0,0,0,0,0.03529,0,0.00149,0,0
"k__Bacteria|p__Firmicutes|c__CFGB1230|o__OFGB1230|f__FGB1230",0,0,0,0,0,0,0,0,0,0,0,0,0,0,0,0,0.00405,0,0,0,0,0,0,0,0,0,0,0,0,0.00584,0,0,0.02863,0,0,0,0,0,0,0,0.00217,0
"k__Bacteria|p__Firmicutes|c__CFGB1249|o__OFGB1249|f__FGB1249",0,0,0,0,0,0,0,0,0,0,0.00238,0,0,0.10369,0,0,0,0,0,0,0,0.00461,0,0,0,0,0.00187,0,0,0,0,0.01318,0,0,0,0,0,0.0038,0.09272,0,0,0
"k__Bacteria|p__Firmicutes|c__CFGB1258|o__OFGB1258|f__FGB1258",0,0,0,0,0,0,0,0,0,0,0,0,0,0,0,0,0,0,0,0,0,0,0,0,0,0,0,0,1.34171,0,0,0,0,0,0,0,0,0,0,0,0,0
"k__Bacteria|p__Firmicutes|c__CFGB1260|o__OFGB1260|f__FGB1260",0,0,0,0,0,0,0,0,0,0,0,0,0,0,0,0,0,0,0,0,0,0,0,0,0,0,0,0,0,0,0,0,0,0,0,0,0,0.00312,0,0,0,0
"k__Bacteria|p__Firmicutes|c__CFGB1261|o__OFGB1261|f__FGB1261",0,0,0,0,0,0,0,0,0,0,0,0,0,0,0,0,0,0,0.02062,0,0,0,0,0,0,0,0,0,0,0.00592,0,0,0.00556,0,0,0,0,0,0,0,0,0
"k__Bacteria|p__Firmicutes|c__CFGB1262|o__OFGB1262|f__FGB1262",0.04355,0,0,0.02602,0,0.00092,0,0,0,0.00199,0.04033,0,0,0.02014,0.01919,0,0.01815,0,0,0.02892,0,0.03446,0,0,0,0,0,0,0.03941,0,0,0,0,0,0,0,0,0,0,0.01891,0,0
"k__Bacteria|p__Firmicutes|c__CFGB1292|o__OFGB1292|f__FGB1292",0,0,0.02477,0,0,0,0.02733,0.13813,0.0809,0.08087,0,0.06225,0.11556,0.05161,0.04403,0,0.03817,0,0.09741,0.091,0.09703,0.0425,0.08602,0.03902,0.11638,0.05958,0.04988,0.04046,0.00094,0.07395,0,0.01342,0,0.14433,0.02563,0,0.03322,0.04102,0.00036,0,0,0
"k__Bacteria|p__Firmicutes|c__CFGB1298|o__OFGB1298|f__FGB1298",0,0,0,0,0,0,0,0,0,0,0,0,0,0,0,0,0,0,0,0,0,0,0,0,0,0,0,0,0.03052,0,0,0,0,0,0,0,0,0,0,0,0,0
"k__Bacteria|p__Firmicutes|c__CFGB1303|o__OFGB1303|f__FGB1303",0,0,0,0,0,0,0,0,0,0,0.00307,0,0,0,0,0,0,0,0,0,0,0,0,0,0,0,0,0,0,0,0,0,0,0,0,0,0,0,0,0,0,0
"k__Bacteria|p__Firmicutes|c__CFGB1311|o__OFGB1311|f__FGB1311",0,0,0,0.07793,0,0.11868,0,0,0,0.04402,0,0,0,0.03823,0,0,0,0,0,0,0,0,0,0,0,0,0,0,0,0,0,0,0,0,0,0,0,0,0,0,0,0
"k__Bacteria|p__Firmicutes|c__CFGB1325|o__OFGB1325|f__FGB1325",0,0,0,0.2096,0,0.05069,0,0,0,0,0,0,0,0,0,0,0,0,0,0,0,0.0633,0,0,0,0,0,0,0,0,0,0,0,0,0,0,0,0,0.00256,0,0,0
"k__Bacteria|p__Firmicutes|c__CFGB1333|o__OFGB1333|f__FGB1333",0,0,0,0,0,0,0,0,0,0,0,0,0,0,0,0,0,0,0,0,0,0.00188,0,0,0,0,0,0,0,0,0,0,0,0,0,0,0,0,0,0,0,0
"k__Bacteria|p__Firmicutes|c__CFGB1347|o__OFGB1347|f__FGB1347",0,0,0,0.022,0,0.02312,0,0,0,0,0.01091,0,0,0,0.04636,0,0,0,0,0,0,0,0,0,0,0,0,0,0.00727,0.00304,0.07009,0,0,0,0,0,0,0,0,0,0.00526,0
"k__Bacteria|p__Firmicutes|c__CFGB13532|o__OFGB13532|f__FGB13532",0,0,0,0,0,0,0,0,0,0,0,0,0,0,0.03007,0,0,0,0,0,0,0,0,0,0,0,0,0,0,0,0,0,0,0,0,0,0,0,0,0,0,0
"k__Bacteria|p__Firmicutes|c__CFGB1354|o__OFGB1354|f__FGB1354",2.45657,0,0,0.18864,0,0.01097,0,0,0,1.1855,0.01708,0,2.15794,3.93198,1.19659,0,2.0742,0,0,0.64105,0,0.0335,0,0,0,0,0,0,3.39256,3.89121,1.19986,0,0,0,0,1.03708,0,0,0,0.13393,0,0
"k__Bacteria|p__Firmicutes|c__CFGB1355|o__OFGB1355|f__FGB1355",0,0,0,0,0,0,0,0,0,0,0.13787,0,0,0,0.02491,0,0,0,0,0,0,0,0,0,0,0,0,0,0,0,0,0,0,0,0,0.02235,0,0,0,0,0.09598,0
"k__Bacteria|p__Firmicutes|c__CFGB1359|o__OFGB1359|f__FGB1359",0.15418,0,0,0.02123,0,0.03124,0,0,0,0,0.00824,0,0.00719,0,0.07528,0,0.02192,0,0,0.07853,0,0,0,0,0,0,0,0,0.13533,0.03619,0.00642,0,0,0,0,0,0,0,0.01174,0.04308,0.00778,0
"k__Bacteria|p__Firmicutes|c__CFGB1362|o__OFGB1362|f__FGB1362",0,0,0,0,0,0,0.00724,0,0,0,0,0,0,0,0,0,0,0,0,0,0,0,0,0,0,0,0,0,0,0,0,0,0,0,0,0,0,0,0,0,0,0
"k__Bacteria|p__Firmicutes|c__CFGB1374|o__OFGB1374|f__FGB1374",0.08087,0,0,0.01489,0,0,0,0,0,0,0.00203,0,0,0,0.00992,0,0,0,0,0,0,0.00147,0,0,0,0,0,0,0.07844,0.01814,0.01267,0,0.01115,0,0,0,0,0,0,0.05486,0,0
"k__Bacteria|p__Firmicutes|c__CFGB1380|o__OFGB1380|f__FGB1380",0,3.28988,0,0.06569,4.88056,0.81204,0,0,0.18371,0,0.30965,0.04454,0,0.00259,0,0,0,0,0,0,0,0.61196,0,0,0.67308,0.23089,0,0,0.36812,0,0,0,0.14011,0.33656,0.09701,0,0,0,0,0,0,0
"k__Bacteria|p__Firmicutes|c__CFGB14224|o__OFGB14224|f__FGB14224",0,0,0,0,0,0,0,0,0,0,0,0,0,0,0,0,0,0,0.00124,0,0,0,0,0,0,0,0,0,0,0.00286,0,0,0,0,0,0,0,0,0,0,0,0
"k__Bacteria|p__Firmicutes|c__CFGB1425|o__OFGB1425|f__FGB1425",0,0,0,0.07866,0,0.05024,0,0,0,0,0,0,0,0,0,0,0,0,0,0.00058,0,0,0,0,0,0,0,0,0.14714,0,0,0,0,0,0,0,0,0,0,0,0,0
"k__Bacteria|p__Firmicutes|c__CFGB1473|o__OFGB1473|f__FGB1473",0,0,0,0,0,0,0,0,0,0,0.17012,0,0,0,0,0.17961,0,0.09501,0,0,0,0.10478,0,0.3376,0,0,0,0,0.29487,0.04145,0.06052,0,0.24961,0,0,0.2064,0,0,0,0,0.19767,0
"k__Bacteria|p__Firmicutes|c__CFGB1479|o__OFGB1479|f__FGB1479",0,0,0,0,0,0,0,0,0,0,0,0,0,0,0.09767,0,0,0,0,0,0,0,0,0,0,0,0,0,0,0,0,0,0,0,0,0,0,0,0,0,0,0
"k__Bacteria|p__Firmicutes|c__CFGB14936|o__OFGB14936|f__FGB14936",0,3.89401,1.52209,0,5.78718,0,0,0,0,0,0.40166,0,0,0,1.60956,0,0,0,0,0,0,3.30666,0,0,0,0,0,0,1.44719,3.17754,1.93558,0,8.52104,0,0,0.05674,3.72974,3.21145,0,0,0.01187,5.60125
"k__Bacteria|p__Firmicutes|c__CFGB15212|o__OFGB15212|f__FGB15212",0.12848,0.19903,0,0.07534,0.12341,0.11089,0,0,0,0,0,0,0,0,0,0,0,0,0,0,0,0,0,0,0,0,0,0,0,0,0,0,0,0,0,0,0,0,0,0.07062,0,0
"k__Bacteria|p__Firmicutes|c__CFGB1538|o__OFGB1538|f__FGB1538",0,0,0,0,0,0,0,0,0,0,0,0,0,0.04314,0,0,0,0,0,0,0,0,0,0,0,0,0,0,0,0,0,0,0,0,0,0,0,0,0,0,0,0
"k__Bacteria|p__Firmicutes|c__CFGB16518|o__OFGB16518|f__FGB16518",0,0,0,0,0,0,0,0,0,0,0,0,0,0,0,0,0,0,0,0,0,0,0,0,0,0,1e-04,0,0,0,0,0,0,0,0,0,0,0,0,0,0,0
"k__Bacteria|p__Firmicutes|c__CFGB16911|o__OFGB16911|f__FGB16911",0,0,0,0.0058,0,0,0,0,0,0,0,0,0,0,0.03249,0,0,0,0,0,0,0,0,0,0,0,0,0,0.01161,0,0,0,0.03617,0,0,0,0,0,0,0,0,0
"k__Bacteria|p__Firmicutes|c__CFGB1765|o__OFGB1765|f__FGB1765",4.59184,0,0,5.58018,1.32584,4.14446,0,0,0,0,11.94038,0,0.00029,0.01337,4.61064,0,0,0,0,0,0,1.7024,0,0,0,0,2.52771,0,0.72294,1.02813,4.18026,0,0,0,0,0,0,0,0,0.2604,0,0
"k__Bacteria|p__Firmicutes|c__CFGB1776|o__OFGB1776|f__FGB1776",2.31155,0,0,0,0,0,0,0,0,0,0.26649,0,7.26334,0,6.4611,0,0,0,0,0,0,0.15265,0,0,0,0,0,0,0.363,2.0902,0.00941,0,0,0,0,0.02529,0,0,0,0.11067,0.04351,0
"k__Bacteria|p__Firmicutes|c__CFGB1777|o__OFGB1777|f__FGB1777",0,0,0,0,0,0,0,0,0,0,0.84034,0,0,0,0,0,0,0,0,0,0,0,0,0,0,0,0,0,0,0,0,0,0,0,0,0,0,0,0,0,0,0
"k__Bacteria|p__Firmicutes|c__CFGB1778|o__OFGB1778|f__FGB1778",0,0,0,0,0,0,0,0,0,0,0.20584,0,0,0,0,0,0,0,0,0,0,0,0,0,0,0,0,0,0,0,0,0,0,0,0,0,0,0,0,0,0,0
"k__Bacteria|p__Firmicutes|c__CFGB1779|o__OFGB1779|f__FGB1779",0,0,0,0,0,0.1093,0,0,0,0,0,0,0,0,0,0,0,0,0,0,0,0,0,0,0,0,0,0,0,0,0,0,0,0,0,0,0,0,0,0,0,0
"k__Bacteria|p__Firmicutes|c__CFGB1780|o__OFGB1780|f__FGB1780",0,0,0,0.25586,0,0.02297,0,0,0,0,0.19489,0,0,0,0,0,0,0,0,0,0,0,0,0,0,0,0,0,5e-05,0,0,0,0,0,0,0,0,0,0,0,0.0764,0
"k__Bacteria|p__Firmicutes|c__CFGB1838|o__OFGB1838|f__FGB1838",0,0,0,0,0,0,0,0,0,0,0,0,0,0,0.00214,0,0,0,0,0,0,0,0,0,0,0,0,0,0.08125,0,0,0,0,0,0,0,0,0,0,0,0,0
"k__Bacteria|p__Firmicutes|c__CFGB1872|o__OFGB1872|f__FGB1872",0,0,0,0,0,0,0,0,0,0,0,0,0,0,0,0.01579,0,0.00575,0,0,0,0,0,0,0,0,0,0,0,0,0,0,0,0,0,0,0,0,0,0,0.00371,0
"k__Bacteria|p__Firmicutes|c__CFGB2831|o__OFGB2831|f__FGB2831",0,0,0,0,0,0,0,0,0,0,0,0,0,0,0,0,0.00135,0,0,0.00282,0,0,0,0,0,0,0,0,0,0,0,0,0,0,0,0,0,0,0,0,0,0
"k__Bacteria|p__Firmicutes|c__CFGB2834|o__OFGB2834|f__FGB2834",0,0,0,0,0,0,0,0,0,0.00516,0.00261,0,0.09819,0,0,0,0.00375,0,0,0.03446,0,0.00164,0,0,0,0,0,0,0.00664,0.01561,0.00176,0,0,0,0,0,0,0,0,0.00409,0,0
"k__Bacteria|p__Firmicutes|c__CFGB2837|o__OFGB2837|f__FGB2837",0,0,0,0,0,0,0,0,0,0,0,0,0,0,0,0,0,0,0,0,0,0,0,0,0,0,0,0,0,0,0,0,0.00357,0,0,0,0,0,0,0,0,0
"k__Bacteria|p__Firmicutes|c__CFGB2875|o__OFGB2875|f__FGB2875",0,0,0,0,0,0,0,0,0,0.01561,0.06233,0,0,0.01016,0,0,0,0,0,0,0,0.01595,0,0,0,0,0,0,0,0,0,0,0,0,0,0,0,0,0,0,0,0
"k__Bacteria|p__Firmicutes|c__CFGB28775|o__OFGB28775|f__FGB28775",0,0,0,0,0,0,0,0,0,0,0,0,0,0,0,0,0,0,0,0,0,0,0,0.08562,0,0,0,0,0,0,0,0,0,0,0,0,0.03255,0.0315,0,0,0,0
"k__Bacteria|p__Firmicutes|c__CFGB2881|o__OFGB2881|f__FGB2881",0.02548,0,0,0.00717,0,0.00564,0,0,0,0,0.01155,0,0.00759,0,0.00656,0.07595,0,0.01979,0,0,0,0.00716,0,0,0.0142,0,0,0,0.01431,0.00615,0.01673,0,0.00086,0,0,0,0,0,0,0.00486,0,0
"k__Bacteria|p__Firmicutes|c__CFGB2889|o__OFGB2889|f__FGB2889",0.12643,0,0,0,0,0,0,0,0,0,0,0,0,0,0,0,0,0,0,0,0,0,0,0,0,0,0,0,0,0.06518,0.12916,0,0,0,0,0,0,0,0,0.5099,0.00304,0
"k__Bacteria|p__Firmicutes|c__CFGB2890|o__OFGB2890|f__FGB2890",0,0,0,0,0,0,0,0,0,0,0,0,0.03413,0,0,0,0.01484,0,0,0.01892,0,0,0,0,0,0.00749,0,0,0.00138,0,0,0,0,0,0,0,0,0,0,0,0,0
"k__Bacteria|p__Firmicutes|c__CFGB2898|o__OFGB2898|f__FGB2898",0,0,0,0,0,0,0,0,0,0.00049,0.00082,0,0,0.01634,0,0,0.02981,0,0,0.0269,0,0,0,0,0,0,0,0,0,0,0,0,0,0,0,0,0,0,0,0,0,0
"k__Bacteria|p__Firmicutes|c__CFGB2906|o__OFGB2906|f__FGB2906",0,0,0,0,0,0,0,0,0,0,0,0,0,0,0,0,0,0,0,0,0,0,0,0,0,0,0,0,0,0,0,0,0,0,0,0,0,0,0,0,0,0.00113
"k__Bacteria|p__Firmicutes|c__CFGB2915|o__OFGB2915|f__FGB2915",0.01037,0,0,0.00136,0,0,0,0,0,0,0,0,0,0,0,0,0,0,0,0,0,0,0,0,0,0.01378,0,0,0.0607,0,0,0,0,0,0,0,0,0,0,0.00241,0,0
"k__Bacteria|p__Firmicutes|c__CFGB2917|o__OFGB2917|f__FGB2917",0,0,0,0,0,0,0,0,0,0,0.00769,0,0,0,0,0,3e-04,0,0,0,0,0,0,0,0,0,0,0,0,0,0,0,0,0,0,0,0,0,0,0,0,0
"k__Bacteria|p__Firmicutes|c__CFGB2918|o__OFGB2918|f__FGB2918",0,0,0,0,0,0,0,0,0,0,0,0,0,0,0,0,0.00338,0,0,0.0084,0,0,0,0,0,0,0,0,0,0,0,0,0,0,0,0,0,0,0,0,0,0
"k__Bacteria|p__Firmicutes|c__CFGB2921|o__OFGB2921|f__FGB2921",0,0,0,0,0,0,0,0,0,0,0,0,0,0,0.08392,0,0,0,0,0,0,0,0,0,0,0,0,0,0,0,0,0,0,0,0,0,0,0,0,0,0,0
"k__Bacteria|p__Firmicutes|c__CFGB2930|o__OFGB2930|f__FGB2930",0.14619,0,0,0.00268,0,0.00096,0,0,0,0,0.00183,0,0,0,0.00327,0,0,0,0,0,0,0,0,0,0,0,0,0,0.01917,0,0.01087,0,0,0,0,0,0,0,0,0.02139,0,0
"k__Bacteria|p__Firmicutes|c__CFGB2932|o__OFGB2932|f__FGB2932",0,0,0,0.00656,0,0.00052,0,0,0,0,0,0,0,0,0,0,0,0,0,0,0,0,0,0,0,0,0,0,0.00061,0,0,0,0,0,0,0,0,0,0,0.02274,0,0
"k__Bacteria|p__Firmicutes|c__CFGB2937|o__OFGB2937|f__FGB2937",0,0,0,0.02946,0,0,0,0,0,0,0,0,0,0,0,0,0,0,0,0,0,0.00986,0,0,0,0,0,0,0,0,0,0,0,0,0,0.0038,0,0,0,0,0,0
"k__Bacteria|p__Firmicutes|c__CFGB2947|o__OFGB2947|f__FGB2947",0,0,0,0,0,0,0,0,0,0,0,0,0,0,0.0186,0,0,0,0,0,0,0,0,0,0,0,0,0,0,0,0,0,0,0,0,0,0,0,0,0,0,0
"k__Bacteria|p__Firmicutes|c__CFGB2949|o__OFGB2949|f__FGB2949",0,0,0,0.04467,0,0.00425,0,0,0,0,0.05333,0,0,0,0.01025,0,0,0,0,0,0,0.00381,0,0,0,0,0,0,0,0.00954,0.02255,0,0,0,0,0,0,0,0,0,0,0
"k__Bacteria|p__Firmicutes|c__CFGB2950|o__OFGB2950|f__FGB2950",0,0,0,0,0,0,0,0,0,0.00238,0,0,0,0.00101,0,0,0,0,0,0,0,0,0,0,0,0,0,0,0,0,0,0,0,0,0,0,0,0,0,0.00138,0,0
"k__Bacteria|p__Firmicutes|c__CFGB2952|o__OFGB2952|f__FGB2952",0.00658,0,0,0.05326,0,0.01212,0,0,0,0,0.12111,0,0,0,0.03342,0,0,0,0,0,0,0.01257,0,0,0,0,0,0,0.10555,0,0,0,0,0,0,0,0,0,0,0.00333,0,0
"k__Bacteria|p__Firmicutes|c__CFGB2954|o__OFGB2954|f__FGB2954",0,0,0,0.00168,0,0.00094,0,0,0,0,0,0,0,0,0,0,0,0,0,0,0,0,0,0,0,0,0,0,0,0,0,0,0,0,0,0,0,0,0,0.0018,0,0
"k__Bacteria|p__Firmicutes|c__CFGB2957|o__OFGB2957|f__FGB2957",0,0,0,0,0,0,0,0,0,0,0,0,0,0,0.01144,0,0,0,0,0,0,0,0,0,0,0,0,0,0,0,0,0,0,0,0,0,0,0,0,0,0,0
"k__Bacteria|p__Firmicutes|c__CFGB2959|o__OFGB2959|f__FGB2959",0.00357,0,0,0,0,0,0,0,0,0,0.0089,0,0.00079,0,0,0,0.003,0,0,0.0085,0,0.00227,0,0,0,0,0,0,0,0,0,0,0,0,0,0,0,0,0,8e-05,0,0
"k__Bacteria|p__Firmicutes|c__CFGB2960|o__OFGB2960|f__FGB2960",0,0,0,0.03701,0,0.00621,0,0,0,0.0208,0.09511,0,0,0.0685,0.03988,0,0,0,0,0,0,0,0,0,0,0,0,0,0.01283,0.0823,0.02361,0,0,0,0,0,0,0,0,0,0,0
"k__Bacteria|p__Firmicutes|c__CFGB2982|o__OFGB2982|f__FGB2982",0.12499,0,0,0.20012,0,0.00586,0,0,0,0,0.01398,0,0,0.02713,0.0028,0,1.56468,0,0,3.40544,0,0.00068,0,0,0,0,0,0,4.07449,0,0,0,0,0,0,0,0,0,0,0.87415,0,0
"k__Bacteria|p__Firmicutes|c__CFGB2983|o__OFGB2983|f__FGB2983",0,0,0,0.00391,0,0,0,0,0,0,0.02092,0,0,0,0,0,0.00409,0,0,0.06117,0,0,0,0,0,0,0,0,0,0,0,0,0,0,0,0,0,0,0,0,0,0
"k__Bacteria|p__Firmicutes|c__CFGB2984|o__OFGB2984|f__FGB2984",0.90384,0,0,0.21954,0,0,0,0,0,0,0.02151,0,0,0,0.63164,0,0,0,0,0.51819,0,0.00675,0,0,0,0,0,0,0,0,0,0,0,0,0,0,0,0,0,0.27728,0.04115,0
"k__Bacteria|p__Firmicutes|c__CFGB2985|o__OFGB2985|f__FGB2985",0.04164,0,0,0.10636,0,0,0,0,0,0,0,0,0,0,0.00829,0,0,0,0,0,0,0,0,0,0,0,0,0,0,0,0,0,0,0,0,0,0,0,0,0.00193,0,0
"k__Bacteria|p__Firmicutes|c__CFGB2997|o__OFGB2997|f__FGB2997",0.00211,0,0,0.00142,0,0,0,0,0,0,0,0,0,0,0,0.03219,0,0.0027,0,0.0071,0,0,0,0,0,0,0,0,0.00059,0,0.01053,0,0,0,0,0,0,0,0,0.00355,0.01465,0
"k__Bacteria|p__Firmicutes|c__CFGB3004|o__OFGB3004|f__FGB3004",0,0,0,0,0,0,0,0,0,0,0,0,0,0.00045,0,0,0.00032,0,0,0.00493,0,0,0,0,0,0,0,0,0,0.00069,0.00096,0,0,0,0,0,0,0,0.01385,0,0,0
"k__Bacteria|p__Firmicutes|c__CFGB3009|o__OFGB3009|f__FGB3009",0,0,0,0,0,0,0,0,0,0,0,0,0.00126,0.00032,0,0,0,0,0,7e-05,0,0,0,0,0,0,0,0,0,0.0236,0,0,0,0,0,0,0,0,0.0168,0,0,0
"k__Bacteria|p__Firmicutes|c__CFGB3012|o__OFGB3012|f__FGB3012",0,0,0,0,0,0,0,0,0,0,0,0,0,0,0,0,0,0,0,0,0,0,0,0,0.96435,0.98967,0,0,0,0,0,0,0,0,0,0,0,0,0,0,0,0
"k__Bacteria|p__Firmicutes|c__CFGB3023|o__OFGB3023|f__FGB3023",0.08499,0,0,0.09365,0,0.07109,0,0,0,0.00726,0.01866,0,0,0.04804,0.01735,0.00103,0.01201,0.00221,0,0.00275,0,0.00417,0,0,0.09684,0.01412,0,0,0.03894,0.02254,0.00802,0,0,0,0,0,0,0,0,0.03431,0.0112,0
"k__Bacteria|p__Firmicutes|c__CFGB3026|o__OFGB3026|f__FGB3026",0,0,0,0,0,0,0,0,0,0,0,0,0,0,0.0018,0,0,0,0,0,0,0,0,0,0,0,0,0,0,0,0,0,0,0,0,0,0,0,0,0,0.01521,0
"k__Bacteria|p__Firmicutes|c__CFGB30287|o__OFGB30287|f__FGB30287",0.01228,0,0,0,0,0,0,0,0,0,0.00433,0,0,0,0,0,0,0,0,0,0,0,0,0,0,0,0,0,0.01111,0,0,0,0,0,0,0,0,0,0,0.00221,0,0
"k__Bacteria|p__Firmicutes|c__CFGB30328|o__OFGB30328|f__FGB30328",0,0,0,0,0,0,0,0,0,0,0,0,0,0,0,0,0,0,0,0,0,0,0,0,0.00078,0.0024,0,0,0,0.01667,0.00535,0,0,0,0,0,0,0,0,0,0,0
"k__Bacteria|p__Firmicutes|c__CFGB3038|o__OFGB3038|f__FGB3038",0.00414,0,0,0.0014,0,0,0,0,0,0.02402,0.00045,0,0.11556,0.0112,0.00341,0,0.0117,0,0,0.02918,0,0,0,0,0.00267,0.02294,0,0,0.11128,0.01866,0.03269,0.01411,0,0,0,0,0,0.00516,0,0.00414,0,0.00097
"k__Bacteria|p__Firmicutes|c__CFGB3041|o__OFGB3041|f__FGB3041",0,0,0,0.03133,0,0,0,0,0,0,0.08689,0,0,0,0,0,0.04718,0,0,0.03108,0,0,0,0,0,0,0,0,0,0,0,0,0,0,0,0,0,0,0,0,0,0
"k__Bacteria|p__Firmicutes|c__CFGB3043|o__OFGB3043|f__FGB3043",0,0,0,0,0,0,0,0,0,0,0.00318,0,0,0,0,0,0,0,0,0,0,0,0,0,0,0,0,0,0,0,0,0,0,0,0,0,0,0,0,0,0,0
"k__Bacteria|p__Firmicutes|c__CFGB3047|o__OFGB3047|f__FGB3047",0.00299,0,0,0,0.00081,0.00168,0,0,0,0,0,0,0,0.00538,0.00184,0,0,0,0,0,0,0,0,0,0,0,0,0,0.00071,0.01009,0.00375,0.00469,0,0,0,0,0,0,0,0.01902,0,0
"k__Bacteria|p__Firmicutes|c__CFGB3048|o__OFGB3048|f__FGB3048",0.03829,0,0,0.00104,0,0.00549,0,0,0,0,0,0,0.01021,0,0.04962,0.04757,0.0074,3e-04,0,0,0,0,0.00249,0,0,0,0.01406,0,0.08439,0,0,0,0,0,0,0,0,0,0,0.01648,0,0
"k__Bacteria|p__Firmicutes|c__CFGB3054|o__OFGB3054|f__FGB3054",0.47278,0,0,0.36532,0,0.00422,0,0,0,0.0279,0.95933,0,0,0.4272,0.05212,0,0.22721,0,0,0.2881,0,0.10984,0,0,0,0,0,0,0.38674,0.12773,0.12208,0,0,0,0,0.46113,0,0,0,0.08562,0.03551,0
"k__Bacteria|p__Firmicutes|c__CFGB3057|o__OFGB3057|f__FGB3057",0.01536,0.04127,0.00327,0,0.01024,0,0,0,0.0018,0.04664,0.03895,0,0.03503,0.12253,0.01005,0.00187,0.22603,0,0.08346,0.09495,0.04189,0.08373,0.00236,0,0.01435,0.03356,0.15845,0,0.00728,0.26428,0.00876,0.13674,0,0,0,0.03913,0,0.02214,0.10008,0.00524,0,0.09728
"k__Bacteria|p__Firmicutes|c__CFGB3062|o__OFGB3062|f__FGB3062",2.39751,0.00073,0,0.47305,0,0.03049,0,0,0,0,0.06529,0,0,0,0.7659,0.01062,0,0.041,0,0,0,0.0691,0,0,0,0,0,0,0.83904,0.38882,0.19359,0,0.02122,0,0,0,0,0,0,0.6767,0.0289,0
"k__Bacteria|p__Firmicutes|c__CFGB3069|o__OFGB3069|f__FGB3069",0.04533,0,0,0.12446,0,0.00348,0,0,0,0,0.10844,0,0.00072,0,0.41546,0,1.30496,0,0,1.07471,0,0.0541,0,0,0,0,0,0,0,0,0,0,0.00147,0,0,0,0,0,0,0.05472,0,0
"k__Bacteria|p__Firmicutes|c__CFGB3070|o__OFGB3070|f__FGB3070",0.00325,0,0,0.01292,0,0,0,0,0,0.00343,0,0,0,0.031,0,0.0163,0.08353,0,0,0.00912,0,0,0,0,0,0,0,0,0,0,0,0,0,0,0,0,0,0,0,0.0254,0,0
"k__Bacteria|p__Firmicutes|c__CFGB3071|o__OFGB3071|f__FGB3071",0.03582,0,0,0,0,0,0,0,0,0,0.19423,0,0,0,0.02641,0,0,0,0,0,0,0.28273,0,0,0,0,0,0,0,0,0,0,0,0,0,0,0,0,0,0.00738,0,0
"k__Bacteria|p__Firmicutes|c__CFGB3072|o__OFGB3072|f__FGB3072",0.16232,0,0,0.14675,0,0.05144,0,0,0,0.06382,0.54644,0,0.05135,0.38048,0.47354,0.00557,0.2919,0,0,0.56145,0,0.20512,0,0,0,0,0,0,0.11228,0.0518,0.00579,0,0,0,0,0,0,0,0.00061,0.05651,0.00186,0
"k__Bacteria|p__Firmicutes|c__CFGB31455|o__OFGB31455|f__FGB31455",2.2985,0,0,0,0,0,0,0,0,0,0.386,0,0,0,0,0,0,0,0,0,0,0.16447,0,0,0,0,0,0,0,0,0,0,0,0,0,0,0,0,0,0.00213,0,0
"k__Bacteria|p__Firmicutes|c__CFGB3172|o__OFGB3172|f__FGB3172",0,0,0,0,0,0,0,0,0,0,0.00677,0,0,0,0,0,0,0,0,0,0,0,0,0,0,0,0,0,0,0,0,0,0,0,0,0,0,0,0,0,0,0
"k__Bacteria|p__Firmicutes|c__CFGB32970|o__OFGB32970|f__FGB32970",0.03912,0,0,0.00169,0,0.00079,0,0,0,0,0,0,0,0,0.00447,0,0,0,0,0,0,0,0,0,0,0,0,0,0,0,0,0,0,0,0,0,0,0,0,0.02373,0,0
"k__Bacteria|p__Firmicutes|c__CFGB3625|o__OFGB3625|f__FGB3625",0,0,0,0,0,0,0,0,0,0.00839,0,0,0,0.1044,0.00275,0,0,0,0.00504,0,0,0,0,0,0,0,0,0,0,0,0,0,0,0,0,0.0126,0,0,0,0,0,0
"k__Bacteria|p__Firmicutes|c__CFGB38642|o__OFGB38642|f__FGB38642",0.12839,0.01059,0,1.35706,0.01744,0.28013,0,0,0,0.00339,0.72044,0,0.00992,0.05204,0.03602,0.00823,0.00421,0.01621,0,0.014,0,0.27151,0,0,0,0,0,0,0.44882,0.08339,0.31592,0,0.03331,0,0,0,0,0,1.08703,0.11256,0,0
"k__Bacteria|p__Firmicutes|c__CFGB38703|o__OFGB38703|f__FGB38703",0,0,0,0,0,0,0,0,0,0,0.01095,0,0,0,0,0,0,0,0,0,0,0,0,0,0,0,0,0,0,0,0,0,0,0,0,0,0,0,0,0,0,0
"k__Bacteria|p__Firmicutes|c__CFGB38791|o__OFGB38791|f__FGB38791",0.00397,0,0,0,0,0,0,0,0,0,0,0,0,0,0,0,0,0,0,0,0,0,0,0,0,0,0,0,0,0,0,0,0,0,0,0,0,0,0,0,0,0
"k__Bacteria|p__Firmicutes|c__CFGB40183|o__OFGB40183|f__FGB40183",0,0,0,0.00021,0,0,0,0,0,0,0,0,0,0.04999,0,0,0.00026,0,0,0,0,0,0,0,0,0,0,0,0,0,0,0,0,0,0,0,0,0,0,0,0,0
"k__Bacteria|p__Firmicutes|c__CFGB45503|o__OFGB45503|f__FGB45503",0.13056,0,0,0.06484,0,0.02823,0,0,0,0.00448,0.0071,0,0,0.06976,0.05953,0,0.04158,0,0,0.03913,0,0,0,0,0,0,0,0,0.07665,0,0,0,0.04741,0,0,0,0,0,0,0.08927,0.00561,0
"k__Bacteria|p__Firmicutes|c__CFGB45555|o__OFGB45555|f__FGB45555",0.70647,0,0,0.34748,0,0.01105,0,0,0,0,0.00865,0,0.0046,0,0.29111,0,0,0,0,0,0,0,0,0,0,0,0,0,0.30435,0.05889,0.00634,0,0,0,0,0,0,0,0,0.05485,0,0
"k__Bacteria|p__Firmicutes|c__CFGB4559|o__OFGB4559|f__FGB4559",0.09996,0,0,0.01828,0,0.04627,0,0,0,0,0,0,0,0,0.03403,0,0,0,0,0,0,0,0,0,0,0,0,0,0,0.00301,0,0,0.00316,0,0,0.04269,0,0,0.08556,0.07032,0,0
"k__Bacteria|p__Firmicutes|c__CFGB45628|o__OFGB45628|f__FGB45628",0.00184,0,0,9e-05,0,0,0,0,0,0.00295,0.00797,0,0.00424,0.01401,0.00212,0,0.00751,0,0,0.01064,0,0.00315,0,0,0,0,0,0,0.00666,0.0054,0.0024,0.00713,0,0,0,0,0,0.01407,0,0.00341,0,0
"k__Bacteria|p__Firmicutes|c__CFGB4605|o__OFGB4605|f__FGB4605",0,0,0,0.00512,0,0.00198,0,0,0,0,0.00303,0,0,0,0,0.01444,0,0,0,0.00382,0,0,0,0,0,0,0,0,0.00112,0.03548,0.02625,0,0,0,0,0,0,0,0,0.02382,0,0
"k__Bacteria|p__Firmicutes|c__CFGB4623|o__OFGB4623|f__FGB4623",0.00439,0,0,0,0,0,0,0,0,0,0,0,0,0,0,0,0,0,0,0,0,0,0,0,0,0,0,0,0,0,0,0,0,0,0,0,0,0,0,0,0,0
"k__Bacteria|p__Firmicutes|c__CFGB4648|o__OFGB4648|f__FGB4648",1.77218,0,0,0.10686,0,0,0,0,0,0,0.34035,0,0,0,0.06118,0,0,0,0,0,0,0.01845,0,0,0,0,0,0,0,0,0,0,0,0,0,0,0,0,0,0,0,0
"k__Bacteria|p__Firmicutes|c__CFGB4806|o__OFGB4806|f__FGB4806",2.17239,0,0,1.31921,0,0.0935,0,0,1.1648,0,3.15519,0.00475,0,0,0.04664,6.75324,0.78244,0.33928,0,4.6145,0,0.01371,0,0,0,0,0,0,0.4461,0.0382,0.0943,0,0.001,0,0,0.00163,0,0,0,4.2478,0,0.01105
"k__Bacteria|p__Firmicutes|c__CFGB52309|o__OFGB52309|f__FGB52309",0.06349,0,0,0,0,0,0,0,0,0,0,0,0,0,0.02852,0,0,0,0,0,0,0,0,0,0,0,0,0,0.04049,0,0,0,0,0,0,0,0,0,0,0.03534,0,0
"k__Bacteria|p__Firmicutes|c__CFGB58251|o__OFGB58251|f__FGB58251",0.23544,0,0,0,0,0,0,0,0,0,0,0,0,0,0.08319,0,0,0,0,0,0,0,0,0,0,0,0,0,0,0,0,0,0,0,0,0,0,0,0,0.15392,0,0
"k__Bacteria|p__Firmicutes|c__CFGB58291|o__OFGB58291|f__FGB58291",0.00475,0,0,0,0,0,0,0,0,0,0,0,0,0,0,0,0,0,0,0,0,0,0,0,0,0,0,0,0,0,0,0,0,0,0,0,0,0,0,0.02583,0,0
"k__Bacteria|p__Firmicutes|c__CFGB72899|o__OFGB72899|f__FGB72899",0,0,0,0,0,0,0,0,0,0,1.57874,0,0,0,0,0,0,0,0,0,0,0,0,0,0,0,0,0,0,0,0,0,0,0,0,0,0,0,0,0,0,0
"k__Bacteria|p__Firmicutes|c__CFGB72924|o__OFGB72924|f__FGB72924",0,0,0,0,0,0,0,0,0,0,0.0195,0,0,0,0,0,0,0,0,0,0,0,0.00103,0,0,0,0.05645,0,0,0,0,0,0,0,0,0,0,0,0,0,0,0
"k__Bacteria|p__Firmicutes|c__CFGB72939|o__OFGB72939|f__FGB72939",0,0,0,0,0,0,0,0,0.00347,0,0,0,0,0,0,0,0,0,0,0,0,0,0,0,0,0,0,0,0,0,0,0,0,0,0,0,0,0,0,0,0,0
"k__Bacteria|p__Firmicutes|c__CFGB73223|o__OFGB73223|f__FGB73223",0.0019,0,0,0,0,0,0,0,0,0,0,0,0,0,0,0,0,0,0,0,0,0,0,0,0,0,0,0,0,0,0,0,0,0,0,0,0,0,0,0.02546,0,0
"k__Bacteria|p__Firmicutes|c__CFGB73902|o__OFGB73902|f__FGB73902",0,0,0,0,0,0.45801,0,0,0,0,0.17404,0,0,0,0,0,0,0,0,0,0,0,0,0,0,0,0,0,0,0,0,0,0,0,0,0,0,0,0,0,0.00457,0
"k__Bacteria|p__Firmicutes|c__CFGB74971|o__OFGB74971|f__FGB74971",0,0,0,0,0,0,0,0,0,0,1.20624,0,0,0,0,0,0,0,0,0,0,0,0,0,0,0,0,0,0,0,0,0,0,0,0,0,0,0,0,0,0,0
"k__Bacteria|p__Firmicutes|c__CFGB75721|o__OFGB75721|f__FGB75721",0,0,0,0.02224,0,0.00448,0,0,0,0,0,0,0,0,0,0,0.01468,0,0,0.0178,0,0,0,0,0.02047,0.02088,0,0,0,0,0,0,0,0,0,0,0,0.00535,0,0,0,0
"k__Bacteria|p__Firmicutes|c__CFGB77202|o__OFGB77202|f__FGB77202",0,0,0,0,0,0,0,0,0,0,0,0,0,0,0,0,0,0,0,0,0,0,0,0,0,0,0,0,0,0.01433,0.00066,0,0,0,0,0,0,0,0,0,0,0
"k__Bacteria|p__Firmicutes|c__CFGB77241|o__OFGB77241|f__FGB77241",0,0,0,0,0,0,0,0,0,0,0.00149,0,0,0,0,0,0,0,0,0,0,0.00336,0,0,0,0,0,0,0,0,0,0,0,0,0,0,0,0,0,0,0,0
"k__Bacteria|p__Firmicutes|c__CFGB77566|o__OFGB77566|f__FGB77566",0,0,0,0,0,0,0,0,0,0,0,0,0,0,0,0,0,0,0,0,0,0,0,0,0,0,0,0,0.00345,0,0,0,0,0,0,0,0,0,0,0,0,0
"k__Bacteria|p__Firmicutes|c__CFGB78183|o__OFGB78183|f__FGB78183",0,0,0,0,0,0,0,0,0,0,3e-04,0,0,0,0,0,0,0,0,0,0,0,0,0,0,0,0,0,0,0,0,0,0,0,0,0,0,0,0,0,0,0
"k__Bacteria|p__Firmicutes|c__CFGB78291|o__OFGB78291|f__FGB78291",0,0,0,0,0,0,0,0,0,0,0,0,0,0,0.00789,0,0,0,0,0,0,0,0,0,0,0,0,0,0,0,0,0,0,0,0,0,0,0,0,0,0,0
"k__Bacteria|p__Firmicutes|c__CFGB78645|o__OFGB78645|f__FGB78645",0.00178,0,0,0,0,0,0,0,0,0,0,0,0,0,0,0,0,0,0,0,0,0,0,0,0,0,0,0,0,0,0,0,0,0,0,0,0,0,0,0,0,0
"k__Bacteria|p__Firmicutes|c__CFGB79237|o__OFGB79237|f__FGB79237",0,0,0,0,0,0,0,0,0,0,0,0,0,0,0,0,0.00081,0,0,0.00085,0,0,0,0,0,0,0,0,0,0,0,0,0,0,0,0,0,0,0,0,0,0
"k__Bacteria|p__Firmicutes|c__CFGB79245|o__OFGB79245|f__FGB79245",0,0.02986,0,0.00076,0,0,0,0,0,4e-05,0,0,0,0.02141,0,0,0,0,0,0.00686,0,0,0,0,0,0,0,0,0,0,0,0,0,0,0,0,0,0,0,0,0,0
"k__Bacteria|p__Firmicutes|c__CFGB79291|o__OFGB79291|f__FGB79291",0.01421,0,0,0.02253,0,0.02522,0,0,0,0,0,0,0.02024,0,0.0463,0.01437,0,0.00662,0,0,0,0,0,0,0,0,0,0,0.05307,0.00934,0.0109,0,0,0,0,0.11262,0,0,0,0.00863,0.00447,0
"k__Bacteria|p__Firmicutes|c__CFGB79294|o__OFGB79294|f__FGB79294",0.00258,0,0,0.11128,0,0.00393,0,0,0,0,0,0,0,0,0.04838,0,0,0,0,0,0,0,0,0,0,0,0,0,0.17181,0,0,0,0,0,0,0,0,0,0,0,0,0
"k__Bacteria|p__Firmicutes|c__CFGB79363|o__OFGB79363|f__FGB79363",0.12503,0,0,0,0,0,0,0,0,0,0,0,0,0,0.0024,0,0,0,0,0,0,0,0,0,0,0,0,0,0,0,0,0,0,0,0,0,0,0,0,0.03981,0,0
"k__Bacteria|p__Firmicutes|c__CFGB82363|o__OFGB82363|f__FGB82363",0,0,0,0,0,0,0,0,0,0,0.00622,0,0.00067,0,0,0,0.00084,0,0,0.00565,0,0.02311,0,0,0,0.00565,0,0,0.00765,0,0,0,0,0,0,0.005,0,0,0,0,0,0
"k__Bacteria|p__Firmicutes|c__CFGB83839|o__OFGB83839|f__FGB83839",0,0,0,0.01196,0,0.03284,0,0,0,0,0.03599,0,0,0,0,0,0,0,0,0,0,0.01507,0,0,0,0,0,0,0,0,0,0,0,0,0,0,0,0,0,0,0,0
"k__Bacteria|p__Firmicutes|c__CFGB9119|o__OFGB9119|f__FGB9119",0.45572,0,0,0.17218,0,0.02083,0,0,0,0,0.13569,0,0,0,0,0,0,0,0,0,0,0,0,0,0,0,4.02895,0,1.02137,0,0,0,0,0,0,0,0,0,0,0.24797,0,0
"k__Bacteria|p__Firmicutes|c__CFGB9120|o__OFGB9120|f__FGB9120",0,0,0,0.60509,0,2.04879,0,0,0,0,0,0,0,0,0,0,0,0,0,0,0,0.01623,0,0,0,0,0,0,0,0,0,0,0,0,0,0,0,0,1.15868,0,0,0
"k__Bacteria|p__Firmicutes|c__CFGB9238|o__OFGB9238|f__FGB9238",0.03144,0,0,4e-05,0,0,0,0,0,0,0,0,0,0,0,0,0,0,0,0,0,0,0,0,0,0,0,0,0.02772,0,0,0,0,0,0,0,0,0,0,0.01801,0,0
"k__Bacteria|p__Firmicutes|c__CFGB9272|o__OFGB9272|f__FGB9272",0.00246,0,0,0,0,0,0,0,0,0,0,0,0,0,0,0,0,0,0,0,0,0,0,0,0,0,0,0,0,0,0,0,0,0,0,0,0,0,0,0.01201,0,0
"k__Bacteria|p__Firmicutes|c__CFGB9491|o__OFGB9491|f__FGB9491",0,0,0,0,0.00051,0,0,0,0,0,0,0,0.00692,0.01261,0.00387,0.00615,0.00013,0.00116,0,0,0,0,0,0,0.01037,0.00289,0,0,0,0.0057,0.00658,0,0,0.00433,0.00297,0,0,0,0,0,0,0
"k__Bacteria|p__Firmicutes|c__CFGB9583|o__OFGB9583|f__FGB9583",0,0,0,0.03159,0,0.07592,0,0,0,0,0,0,0,0,0,0,0,0,0,0,0,0,1.74555,0,0,0,0.07656,0,0,0,0,0,0,0.30506,1.61806,0,0,0,0,0,0,0
"k__Bacteria|p__Firmicutes|c__CFGB9714|o__OFGB9714|f__FGB9714",0.0029,0,0,0,0,0,0,0,0,0,0,0,0,0,0,0,0,0,0,0,0,0,0,0,0,0,0,0,0,0,0,0,0,0,0,0,0,0,0,0.01141,0,0
"k__Bacteria|p__Firmicutes|c__CFGB9718|o__OFGB9718|f__FGB9718",0,0,0,0,0,0,0,0,0,0,0.00269,0,0,0,0,0,0,0,0,0,0,0,0,0,0,0,0,0,0,0,0,0,0,0,0,0,0,0,0,0,0,0
"k__Bacteria|p__Firmicutes|c__CFGB9828|o__OFGB9828|f__FGB9828",0,0,0,0,0,0,0,0,0,0,0,0,0,0,0.08357,0,0,0,0,0,0,0,0,0,0,0,0,0,0,0,0,0,0,0,0,0,0,0,0,0,0,0
"k__Bacteria|p__Firmicutes|c__CFGB9977|o__OFGB9977|f__FGB9977",0,0,0,0,0,0.00701,0,0,0,0,0,0,0,0,0,0,0,0,0,0,0,0,0,0,0,0,0,0,0,0,0,0,0,0,0,0,0,0,0,0,0,0
"k__Bacteria|p__Firmicutes|c__CFGB9989|o__OFGB9989|f__FGB9989",0.41612,0,0,0.25253,0,0.02001,0,0,0,0,0.25931,0,0,0,0.33408,0,0,0,0,0,0,0.06807,0,0,0,0,0,0,0.81583,0.05574,0.12109,0,0.00712,0,0,0,0,0,0,0.2393,0,0
"k__Bacteria|p__Firmicutes|c__Clostridia|o__Clostridia_unclassified|f__Clostridia_unclassified",0,0,0.00399,0,0.00089,0,0.02775,0.00361,0.01867,0,0.02801,0,0.03819,0.01994,0.00188,0.00894,0.00718,0.0026,0.21559,0.00212,0.08889,0.09833,0.00411,0.10918,0.00969,0.00701,0.02656,0,0.0026,0.24389,0.1072,0.01927,0.00048,0.14159,0.06733,0.01588,0.02965,0.06117,0.04504,0.00021,0,0.04076
"k__Bacteria|p__Firmicutes|c__Clostridia|o__Eubacteriales|f__Bianqueaceae",0,0,0,0,0,0,0,0,0,0,0.00403,0,0,0,0,0,0,0,0,0,0,0.00147,0,0,0.00357,0.01081,0,0,0.00331,0,0,0,0,0,0,0,0,0,0,0,0,0
"k__Bacteria|p__Firmicutes|c__Clostridia|o__Eubacteriales|f__Christensenellaceae",0.07876,0.00829,0,0.02555,0.00227,0.00217,0,0,0,0.01759,0.07501,0,0.17763,0.1484,0.00839,0,0.06754,0,0.00789,0.11591,0.00179,0.07087,0.00058,0,0.01207,0.10185,0.01407,0,0.08443,0.28991,0.09424,0,0,0.02109,0,5e-04,0.00024,0.04285,0,0.018,0,0.00121
"k__Bacteria|p__Firmicutes|c__Clostridia|o__Eubacteriales|f__Clostridiaceae",1.42768,0.86752,1.36089,2.57269,2.73291,10.28826,0.81816,3.69574,0.9584,11.60416,0.87736,0.22194,7.45276,1.97607,2.20027,6.17155,0.13929,4.71877,5.16638,0.89139,3.91145,0.83496,7.07132,1.28889,1.16596,0.54193,1.23514,0.01257,3.10986,1.73711,0.71881,1.72931,2.22632,0.91259,2.54305,3.32483,1.56081,2.47096,5.38415,1.81466,0.79561,0.65553
"k__Bacteria|p__Firmicutes|c__Clostridia|o__Eubacteriales|f__Eubacteriaceae",1.42428,2.34142,0.37287,2.69198,1.79563,3.54436,0.62135,0.55812,0.37192,0.29538,1.61742,0.03974,0.43847,1.1552,0.45638,0.84627,0.47457,0.12941,0.93604,0.5251,1.49613,1.28541,2.675,0.13892,0.40817,0.55171,5.03491,0,1.19768,0.30155,0.25606,5.41447,0.89007,0.46343,0.98625,0.06652,4.02196,1.74485,4.86723,0.57504,0.20938,0.09794
"k__Bacteria|p__Firmicutes|c__Clostridia|o__Eubacteriales|f__Eubacteriales_Family_XIII_Incertae_Sedis",0.11494,0.12204,0.05174,0.19429,0.06079,0.12089,0.05791,0.0144,0.04563,0.13898,0.34362,0.14213,0.46542,0.54544,0.62865,0.04962,0.72046,0.02633,0.01232,0.92024,0.03845,0.68188,0.09985,0.09606,0.35347,1.1312,0.01526,0.04819,0.98472,1.08545,0.37648,0.17975,0.19234,0.43261,0.2811,2.7074,0.28507,0.59317,0.00317,0.07807,0.16104,0.30618
"k__Bacteria|p__Firmicutes|c__Clostridia|o__Eubacteriales|f__Eubacteriales_incertae_sedis",0.48774,0,2.50722,1.08664,0.00019,1.4654,0.02359,0.03288,0.10462,0.00789,2.67375,0.06589,0.10592,0.51962,0.27866,0.30488,1.13769,0.10992,0.43139,0.30067,0.38429,5.14892,0,0,0.99044,0.80642,0,0,0.24175,0,0,0,0.15392,0,0,0.28459,1.23351,1.85362,0,1.48891,0.22563,9.82305
"k__Bacteria|p__Firmicutes|c__Clostridia|o__Eubacteriales|f__Eubacteriales_unclassified",1.82727,1.28745,0.71338,3.04748,0.79445,3.10272,1.03139,2.71374,1.7532,0.57205,1.77063,0.23215,0.76863,3.47997,2.78958,4.56606,2.80871,2.2937,2.81532,1.37575,0.78173,1.39607,5.01157,0.66989,1.67522,0.72379,0.85678,0,4.56064,1.83668,3.80154,0.02253,2.87004,0.26822,1.40934,5.3029,0.54169,0.5765,0.66904,2.16671,1.39255,0.7947
"k__Bacteria|p__Firmicutes|c__Clostridia|o__Eubacteriales|f__Feifaniaceae",0.00271,0,0,0,0,0,0,0,0,0,0,0,0,0,0,0,0,0,0,0,0,0,0,0,0,0,0,0,7e-05,0.00139,0.00065,0,0,0,0,0,0,0,0,0.00038,0,0
"k__Bacteria|p__Firmicutes|c__Clostridia|o__Eubacteriales|f__Lachnospiraceae",17.5771,43.76154,43.08294,30.32353,43.54427,38.32083,24.4997,29.64209,46.06066,3.16717,33.77707,20.73243,11.92023,22.1372,34.06204,35.95985,23.83966,41.19916,59.5531,10.68975,84.38556,57.3695,36.38318,27.1539,38.39968,54.51747,37.80319,0.13321,18.82958,22.46634,39.50851,48.34766,34.2846,34.27753,56.06138,28.65844,44.16912,30.96258,29.11179,24.98733,14.94318,57.29473
"k__Bacteria|p__Firmicutes|c__Clostridia|o__Eubacteriales|f__Oscillospiraceae",17.92263,14.94792,2.38674,27.51824,19.2945,23.28417,20.85281,15.78468,4.86778,4.48059,9.63483,0.371,10.29279,10.05466,20.76987,15.19257,15.8462,27.08756,8.02971,5.54765,3.12594,13.97282,26.41918,12.03029,27.17318,7.66024,24.74869,0.00243,24.61025,9.84433,11.18301,21.48355,11.51406,15.23342,19.63372,8.26072,16.08578,23.44855,30.40418,20.07966,14.15403,2.33696
"k__Bacteria|p__Firmicutes|c__Clostridia|o__Eubacteriales|f__Peptostreptococcaceae",0.54614,0.20534,1.12548,0.64131,0.26721,0.07711,0.2205,0.39569,0.74259,2.81622,1.00277,0.05282,0.44376,0.30334,0.30514,0.58524,2.34174,0.24405,0.32502,2.22009,0.10738,0.46451,2.52895,0.10921,0.21799,1.0311,0.25279,19.26417,1.57299,2.18046,0.16756,0.05461,1.50504,0.67705,0.58797,0.04024,1.3623,1.50618,2.38213,0.52786,1.42679,0.43152
"k__Bacteria|p__Firmicutes|c__Clostridia|o__Eubacteriales|f__Yeguiaceae",0.02536,0,0,0.00187,0,0,0,0,0,0,0,0,0,0,0.00281,0.00039,0,0,0,0,0,0,0,0,0,0,0,0,0.00237,0.0034,0.00087,0,0,0,0,0,0,0,0,0.01307,0,0
"k__Bacteria|p__Firmicutes|c__Erysipelotrichia|o__Erysipelotrichales|f__Coprobacillaceae",0,0.00668,0,0.00102,0,0,0.00179,0,0,0.58495,0,0,0.03152,0,5.611,4.16992,0.0657,3.99861,0.02477,0.00618,0.02496,0,0,0,0.00986,0,0,0,1.25742,0.00666,0,0.00105,1.14498,0,0,0,0.00724,0.03199,0.00319,0,4.66624,0.23514
"k__Bacteria|p__Firmicutes|c__Erysipelotrichia|o__Erysipelotrichales|f__Erysipelotrichaceae",1.48054,1.98011,1.55088,0.98677,1.07142,1.29555,0.25122,1.36617,3.66557,2.23399,0.89452,5.49514,1.30192,5.89352,4.38104,1.00752,0.62955,1.10749,0.33212,1.76334,1.25585,0.6178,3.38652,1.64574,1.66524,5.39433,16.77786,1.79796,0.21353,6.4164,4.75055,3.51569,9.38463,3.2202,2.28365,26.55971,3.34309,5.15068,1.10985,0.81402,7.62491,3.54707
"k__Bacteria|p__Firmicutes|c__Erysipelotrichia|o__Erysipelotrichales|f__Turicibacteraceae",0.00822,0.12265,0,0.00723,0.11206,0,0,0,0,0,0.04082,0,0,0.00705,0,0.00755,0.04815,0,0,0.04212,0,0,0,0.1055,0,0.00973,0,0,0.00505,0.20245,0.00079,0.01459,0,0.00609,0,0,0,1.58846,0.08219,0,0.08265,0
"k__Bacteria|p__Firmicutes|c__Firmicutes_unclassified|o__Firmicutes_unclassified|f__Firmicutes_unclassified",0,0,0,0.08802,0.00693,0.00933,0,0,0.00506,0.36717,0.032,0,3.22119,0.43294,0.15667,0,0.37686,0,0,0.10014,0,0.00484,0,0,0.02716,0.0156,0,0,0.78137,0.04152,0.03767,0.05696,0.03092,0,0,0,0.29812,0.26916,0.26219,0,0.03088,0
"k__Bacteria|p__Firmicutes|c__Negativicutes|o__Acidaminococcales|f__Acidaminococcaceae",0.68695,0.06936,0,0.01452,0.04315,0.04073,0.9889,1.05625,0.75446,0.66913,0,0.00325,1.73114,0.63758,0.51326,0,0.11578,0.01759,0.01501,0.08894,0.60464,0,0,0,0,0,0,0.00035,0.03588,0.04269,0.4007,0,0.1061,0.0596,0.17892,0,0.24603,1.95079,0,0.00298,0.01308,0.02073
"k__Bacteria|p__Firmicutes|c__Negativicutes|o__Selenomonadales|f__Selenomonadaceae",0,0,0.0043,0.33884,0,0.06214,0,0.0052,8.96455,0.01588,0,27.32246,0.16678,0.14486,1.32834,0,0,0,0,0,0,0,0,0.01197,0.00094,0,0,0,0.00469,0.85294,1.23049,0,9.67173,0.3255,0.04953,0.01316,0,0,0,0,8.32841,0.00696
"k__Bacteria|p__Firmicutes|c__Negativicutes|o__Veillonellales|f__Veillonellaceae",4.75935,0,0.00216,4.10926,0.02936,2.38452,3.76293,1.41275,0.23023,0.00201,1.42839,0.00429,0.16814,0.04359,0.13119,5.70868,1.3221,8.26275,0.20877,1.01206,0.00052,1.94238,0.76404,0.80161,1.84866,0.08153,0.11488,1.29504,1.88122,0.26509,0.08439,4.47125,0.18488,0,0.0015,5.86219,0.3321,0.02171,3.67698,6.20449,2.59153,0
"k__Bacteria|p__Firmicutes|c__Tissierellia|o__Tissierellales|f__Peptoniphilaceae",0.00141,0.04963,0,0.21535,0.00294,0,0.00017,0.00075,0.07232,5.38458,0.08199,0.00792,0.85488,0.06991,0,0.32161,1.79124,0,0.57541,0.02492,0,0.04668,0.03212,0.00265,0.00177,0,0.00396,26.46849,0.34977,0.7982,0.01264,0,0.7281,0.00475,0.01724,0.04605,0.27283,0.29491,0.27573,0.00146,0.19681,0.37134
"k__Bacteria|p__Firmicutes|c__Tissierellia|o__Tissierellia_unclassified|f__Tissierellia_unclassified",0,0,0,0,0,0,0,0,0,0,0,0,0,0,0,0,0,0,0,0,0,0,0.00186,0,0,0,0,0,0.00306,0,0,0,0,0,0,0,0,0,0,0,0,0
"k__Bacteria|p__Fusobacteria|c__Fusobacteriia|o__Fusobacteriales|f__Fusobacteriaceae",0,0.02217,0,0.01003,0,0,0,0.00187,6.05557,22.19627,0.00085,1.27701,0.11009,0.02175,0,0.00169,0.05209,0,0.01032,0.05555,0,0.00591,0,0.03053,0,0,0,1.22028,0.33749,0.01019,0,0,0.08172,0.09291,0,0,0.00472,0.00287,0.03018,0,0.00495,0
"k__Bacteria|p__Lentisphaerae|c__CFGB2345|o__OFGB2345|f__FGB2345",0,0,0,0,0,0,0,0,0,0.02151,0,0,0,0,0,0,0,0,0,0,0,0,0,0,0,0,0,0,0,0,0,0,0,0,0,0,0,0,0,0,0,0
"k__Bacteria|p__Lentisphaerae|c__Lentisphaeria|o__Victivallales|f__Victivallaceae",0,0,0,0,0,0,0,0,0,0,0,0,0,0,0,0,0,0,0,0,0,0,0,0,0,0,0,0,0.0031,0,0,0,0,0,0,0,0,0,0,0,0,0
"k__Bacteria|p__Proteobacteria|c__Betaproteobacteria|o__Burkholderiales|f__Comamonadaceae",0,0,0,0,0,0,0,0,0,0,0,0,0,0,0,0,0,0,0,0,0,0,0,0,0,0,0,0,0.00192,0,0,0,0,0,0,0,0,0.0045,0,0,0,0
"k__Bacteria|p__Proteobacteria|c__Betaproteobacteria|o__Burkholderiales|f__Oxalobacteraceae",0.00297,0,0,0.00068,0,0,0,0,0,0.00467,0,0,0,0.00093,0.01658,0,0.01394,0,0,0.0125,0,0,0,0.0201,0,0,0,0,0,0,0.02142,0,0,0,0,0,0,0,0,0,0,0
"k__Bacteria|p__Proteobacteria|c__Betaproteobacteria|o__Burkholderiales|f__Sutterellaceae",0.00813,0,0,0.00966,0,0.00179,0.42582,0.09434,0.04671,0.0101,0.01255,0.00166,0.44928,0.0138,0.00502,0.06357,0.1515,0.00466,0.00264,0.09449,0.05374,0.03042,0.20145,0,0.02576,0.00693,0.04011,0.12176,0.00989,0,0.05438,0.00033,0.04515,0.02793,0.09074,0.00885,0.00144,0,0.00799,0.1535,0.01752,0
"k__Bacteria|p__Proteobacteria|c__Betaproteobacteria|o__Neisseriales|f__Chromobacteriaceae",0,0,0,0,0,0,0,0,0,0,0,0,0,0,0,0,0,0,0,0,0,0,0,0,0,0,0,0,0,0,0,0,0,0,4e-05,0,0,0,0,0,0,0
"k__Bacteria|p__Proteobacteria|c__Betaproteobacteria|o__Neisseriales|f__Neisseriaceae",0.00149,0,0,0,0,0,0,0.03296,0,0,0,0,0,0,0,0,0,6e-04,0,0,0,0,0,0,0,0,0,0,0,0,0,0,0,0,0,0,0,0,0,0,0.06682,0
"k__Bacteria|p__Proteobacteria|c__CFGB2404|o__OFGB2404|f__FGB2404",0,0,0,0,0,0,0,0,0,0,0,0,0,0.02078,0,0,0,0,0,0,0,0,0,0,0,0,0,0,0,0,0,0,0,0,0,0,0,0,0,0,0,0
"k__Bacteria|p__Proteobacteria|c__Deltaproteobacteria|o__Desulfovibrionales|f__Desulfovibrionaceae",0.10939,0.00521,0.01341,0.02193,0.05623,0.00334,0.01491,0.20122,0.06522,0.8052,0.0275,0.07316,0.76938,0.08872,0.13618,0.1346,0.32013,0.04159,0,0.12763,0,0.16665,0,0.56999,0.02564,0.01898,0,0.70697,0.3726,0.19582,0.10732,0,0.03709,0.25761,0.21989,0.58031,0,0.13763,0.00178,0.24455,0.01441,0.29164
"k__Bacteria|p__Proteobacteria|c__Epsilonproteobacteria|o__Campylobacterales|f__Campylobacteraceae",0,0,0,0,0,0,0,0,0,0.01207,0,0,0.00466,0,0,0,0,0,0,0,0,0,0,0,0,0,0,0.02905,0.0016,0,0,0,0,0,0,0,0,0,0,0,0,0
"k__Bacteria|p__Proteobacteria|c__Gammaproteobacteria|o__Aeromonadales|f__Aeromonadaceae",0,0,0,0,0,0,0,0,0,0,0,0,0,0,0,0,0,0,0,0,0,0,0,0,0,0,0,0,0,0,0,0,0,0.28241,0,0,0,0,0,0,0,0
"k__Bacteria|p__Proteobacteria|c__Gammaproteobacteria|o__Enterobacterales|f__Enterobacteriaceae",0.15992,0.12639,0,0.02808,1.36043,0,0.48049,0.32183,4.82047,0.02454,0.00385,37.13203,0.72645,4.61803,0.36019,0.015,0.05006,0,0.00066,0.12144,0.00114,0,0.02076,0.27992,0.00228,0.13116,0,0.86651,0.01464,0.47796,0.01554,0,0.2907,6.71817,1.08891,1.58553,0,0.01388,0.91732,0,5.06356,0.00466
"k__Bacteria|p__Proteobacteria|c__Gammaproteobacteria|o__Enterobacterales|f__Hafniaceae",0,0,0,0,0,0,0,0,0,0,0,0,0,0,0,0,0,0,0,0.00176,0,0,0,0,0,0,0,0,0,0,0,0,0,0,0,0,0,0,0,0,0,0
"k__Bacteria|p__Proteobacteria|c__Gammaproteobacteria|o__Enterobacterales|f__Morganellaceae",0,0,0,0,0,0,0,0,0,0,0,0,0,0,0,0,0,0,0,0,0,0,0,0,0,0,0,0,0,0,0,0,0,0,0.01336,0,0,0,0,0,0,0
"k__Bacteria|p__Proteobacteria|c__Gammaproteobacteria|o__Pasteurellales|f__Pasteurellaceae",0.01628,0,0,0,0.00623,0,0.05006,0.15621,0,0,0,0,0,0,0,0.07632,0,0.04368,0.00309,0,0,0,0.00636,0.40557,0,0,0,0.8003,0,0,0,0,0,0.00131,0,0,0,0,0,0,0.71909,0
"k__Bacteria|p__Proteobacteria|c__Gammaproteobacteria|o__Pseudomonadales|f__Pseudomonadaceae",0,0,0,0,0,0,0,0,0,0,0,0,0,0,0,0,0,0,0,0,0,0,0,0,0,0,0,0,0,0,0,0,0.00025,7.13708,0,0,0,0,0,0,0,0
"k__Bacteria|p__Synergistetes|c__Synergistia|o__Synergistales|f__Synergistaceae",0,0,0,0.02079,0,0,0,0,0,0.19801,0.00287,0,0.00549,0.54499,0.10119,0,0.01062,0,0,0.29521,0,0.00288,0,0,0,0.00682,0,0,0.41243,0,0.00259,0,0.01285,0,0,0.00011,0,0,0,0,0.00022,0.0136
"k__Bacteria|p__Tenericutes|c__CFGB1787|o__OFGB1787|f__FGB1787",0.04887,0,0,0,0,0,0,0,0,0,0.00839,0,0,0,0,0,0,0,0,0,0,0.01274,0,0,0,0,0,0,0,0,0,0,0,0,0,0,0,0,0,0,0,0
"k__Bacteria|p__Tenericutes|c__CFGB1800|o__OFGB1800|f__FGB1800",0.01209,0,0,0,0,0,0,0,0,0,0,0,0,0,0,0,0,0,0,0,0,0,0,0,0,0,0,0,0,0,0,0,0,0,0,0,0,0,0,0.00934,0,0
"k__Bacteria|p__Verrucomicrobia|c__Opitutae|o__Puniceicoccales|f__Puniceicoccaceae",0,0,0,0,0,0,0,0,0,0,0,0,0,0,0,0,0,0,0,0,0,0,0,0,0,0,0,0,0,0,0,0,0,0,0,0.00392,0,0,0,0,0,0
"k__Bacteria|p__Verrucomicrobia|c__Verrucomicrobiae|o__Verrucomicrobiales|f__Akkermansiaceae",0,0,0,0,0,0,0,0,0.00078,12.70682,1.01342,0,2.3005,10.55949,0.06771,0,1.87939,0.00791,0,3.03915,0,0.11855,0.00117,0,0,0,0.04778,0,1.32728,0,0,0,0,3.15391,4.05796,0,0.68573,10.73254,0,0,0,0
